ABDULAHAD ahad06074@gmail.com Pak123**&&
ABDULSAMAD abd123@gmail.com Sam123**&&
ABDULRAFAY raf123@gmail.com Raf123**&&
HELLO fast@gmail.nu.edu Fast123**&&
MALIK malik12@gmail.com Malik23**&&
name name@gmail.com Name23**&&
hello hello@gmail.com Hello12**&&
user user@gmail.com User23**&&
ALI ALI@GMAIL.COM Help**&&67
MANGO MANGO@GMAIL.COM Mango78**&&
